1100,86014,R.,Apinages,prox.,a,R.,Dr.,Paulo,Vieira,(Sentido,Perdizes/Pinheiros),,,,,,,,
1101,86014,R.,Apinages,prox.,a,R.,Dr.,Paulo,Vieira,(Sentido,Pinheiros/Perdizes),,,,,,,,
1102,86015,R.,Aurelia,prox.,a,R.,Bica,de,Pedra,(Sentido,Lapa/Pinheiros),,,,,,,,
1103,86015,R.,Aurelia,prox.,a,R.,Bica,de,Pedra,(Sentido,Pinheiros/Lapa),,,,,,,,
1104,86016,Av.,Sao,Gualter,alt.,da,Praca,Sao,Marcos,(Sentido,Pinheiros/Lapa),,,,,,,,
1105,86016,Av.,Sao,Gualter,alt.,da,Praca,Sao,Marcos,(Sentido,Lapa/Pinheiros),,,,,,,,
1106,86017,Av.,Jardim,Japao,prox.,a,R.,Dr.,Luis,Maffei,(Sentido,Jardim,Brasil/Vila,Nivi),,,,,
1107,86017,Av.,Jardim,Japao,prox.,a,R.,Dr.,Luis,Maffei,(Sentido,Vila,Nivi/Jardim,Brasil),,,,,
1108,86018,R.,Mère,Amedea,alt.,do,n0,515,(Sentido,Vila,Maria/Marg.,Tiete),,,,,,,
1109,86018,R.,Mère,Amedea,alt.,do,n0,515,(Sentido,Marg.,Tiete/Vila,Maria),,,,,,,
1110,86019,Av.,Guapira,alt.,do,n0,1310,(Sentido,Centro/Bairro),,,,,,,,,,
1111,86019,Av.,Guapira,alt.,do,n0,1310,(Sentido,Bairro/Centro),,,,,,,,,,
1112,86026,R.,Cerro,Cora,prox.,R.,Filipinas,(Sentido,Lapa/Jaguare),,,,,,,,,,
1113,86026,R.,Cerro,Cora,prox.,R.,Filipinas,(Sentido,Jaguare/Lapa),,,,,,,,,,
1114,86020,R.,Capivari,alt.,Pca,Fagundes,Varela,(Sentido,Pacaembu/Barra,Funda),,,,,,,,,
1115,86023,Av.,Prof.,Fonseca,Rodrigues,80,m.,antes,da,R.,Ubiracica,(Sent.,V.Leopoldina/Pinheiros),,,,,,
1116,86024,Av.,Prof.,Fonseca,Rodrigues,prox.,a,R.,Ubiracica,(Sentido,Pinheiros/V.Leopoldina),,,,,,,,
1117,86028,R.,Heitor,Penteado,prox.,a,Av.,Dr.,Arnaldo,(Sentido,Centro/Bairro),,,,,,,,
1118,86022,R.,Mj.,Paladino,prox.,a,R.,Policarpo,da,Cruz,(Sentido,V.,dos,Remedios/Pinheiros),,,,,
1119,86021,Av.,Edu,Chaves,alt.,da,Tr.,Noemia,Ribeiro,Azanha,(Sentido,Edu,Chaves/Jacana),,,,,,
1120,86021,Av.,Edu,Chaves,alt.,da,Tr.,Noemia,Ribeiro,Azanha,(Sentido,Jacana/Edu,Chaves),,,,,,
1121,86027,Av.,Gustavo,Adolfo,prox.,a,R.,Capricho,(Sentido,Jardim,Brasil/Tucuruvi),,,,,,,,
1122,86027,Av.,Gustavo,Adolfo,prox.,a,R.,Capricho,(Sentido,Tucuruvi/Jardim,Brasil),,,,,,,,
1123,86029,Av.,Dr.,Antonio,Maria,Laet,prox.,a,R.,Sao,Nestor,(Sentido,Centro/Bairro),,,,,,
1124,86029,Av.,Dr.,Antonio,Maria,Laet,prox.,a,R.,Sao,Nestor,(Sentido,Bairro/Centro),,,,,,
1125,86030,Av.,Cel.,Sezefredo,Fagundes,prox.,a,R.,Bonita,(Sentido,Centro/Bairro),,,,,,,,
1126,86030,Av.,Cel.,Sezefredo,Fagundes,prox.,a,R.,Bonita,(Sentido,Bairro/Centro),,,,,,,,
1127,86025,Av.,Leoncio,de,Magalhaes,prox.,a,Tr.,Joao,Sobrinho,(Sentido,agua,Fria/Carandiru),,,,,,
1128,86025,Av.,Leoncio,de,Magalhaes,prox.,a,Tr.,Joao,Sobrinho,(Sentido,Carandiru/agua,Fria),,,,,,
1129,86032,Av.,agua,Fria,alt.,do,n0,1361,(Sentido,Centro/Bairro),,,,,,,,,
1130,86032,Av.,agua,Fria,alt.,do,n0,1361,(Sentido,Bairro/Centro),,,,,,,,,
1131,86034,R.,Dr.,Alberto,Seabra,prox.,R.,Sarare,(Sentido,Lapa/Pinheiros),,,,,,,,,
1132,86034,R.,Dr.,Alberto,Seabra,prox.,R.,Sarare,(Sentido,Pinheiros/Lapa),,,,,,,,,
1133,86038,Av.,Raimundo,P.,de,Magalhaes,alt.,do,n0,17992,(Sentido,Centro/Bairro),,,,,,,
1134,86038,Av.,Raimundo,P.,de,Magalhaes,alt.,do,n0,17992,(Sentido,Bairro/Centro),,,,,,,
1135,86039,Av.,Raimundo,P.,de,Magalhaes,prox.,R.,Pedro,Marigliani,(Sentido,Centro/Bairro),,,,,,,
1136,86039,Av.,Raimundo,P.,de,Magalhaes,prox.,R.,Pedro,Marigliani,(Sentido,Bairro/Centro),,,,,,,
1137,86040,R.,Cons.,Moreira,de,Barros,prox.,R.,Manuel,de,Santana,(Sentido,Santana/Mandaqui),,,,,,
1138,86040,R.,Cons.,Moreira,de,Barros,prox.,R.,Manuel,de,Santana,(Sentido,Mandaqui/Santana),,,,,,
1139,86036,Av.,das,Cerejeiras,a,45,metros,do,n0,790,(Sentido,Centro/Bairro),,,,,,,
1140,86036,Av.,das,Cerejeiras,a,45,metros,do,n0,790,(Sentido,Bairro/Centro),,,,,,,
1141,86037,Av.,Conceicao,prox.,R.,Sao,Gregorio,(Sentido,Bairro/Centro),,,,,,,,,,
1142,86045,Av.,Peri,Ronchetti,prox.,R.,Emb.,Orlando,Ribeiro,(Sentido,Horto/Cachoeirinha),,,,,,,,
1143,86045,Av.,Peri,Ronchetti,prox.,R.,Emb.,Orlando,Ribeiro,(Sentido,Cachoeirinha/Horto),,,,,,,,
1144,86042,R.,Tito,alt.,do,n0,32,(Sentido,Lapa/Perdizes),,,,,,,,,,
1145,86050,Av.,Joaquina,Ramalho,prox.,R.,Joao,Veloso,Filho,(Sentido,Centro/Bairro),,,,,,,,
1146,86051,Av.,Joaquina,Ramalho,prox.,R.,Joao,Veloso,Filho,(Sentido,Bairro/Centro),,,,,,,,
1147,86052,Av.,Joaquina,Ramalho,alt.,do,n0,1.5,(Sentido,Centro/Bairro),,,,,,,,,
1148,86052,Av.,Joaquina,Ramalho,alt.,do,n0,1.5,(Sentido,Bairro/Centro),,,,,,,,,
1149,86041,Av.,Gen.,Ataliba,Leonel,prox.,R.,Sao,Januario,(Sentido,Centro/Bairro),,,,,,,,
1150,86041,Av.,Gen.,Ataliba,Leonel,prox.,R.,Sao,Januario,(Sentido,Bairro/Centro),,,,,,,,
1151,86049,R.,Voluntarios,da,Patria,alt.,do,n0,4.747,(Sentido,Mandaqui/Santana),,,,,,,,
1152,86049,R.,Voluntarios,da,Patria,alt.,do,n0,4.747,(Sentido,Santana/Mandaqui),,,,,,,,
1153,86033,R.,Cel.,Jose,Rufino,Freire,prox.,R.,Erva,das,Virgens,(V.Jaragua/Sao,Domingos),,,,,,
1154,86033,R.,Cel.,Jose,Rufino,Freire,prox.,R.,Erva,das,Virgens,(Sao,Domingos/V.Jaragua),,,,,,
1155,86035,Av.,Cândido,Portinari,prox.,a,Pca,Gen.Guimaraes,(Av.,Mutinga/Rod.,Anhanguera),,,,,,,,
1156,86035,Av.,Cândido,Portinari,prox.,a,Pca,Gen.Guimaraes,(Rod.,Anhanguera/Av.,Mutinga),,,,,,,,
1157,86048,Av.,Imirim,alt.,do,n0,3.764,(Sentido,Centro/Bairro),,,,,,,,,,
1158,86048,Av.,Imirim,alt.,do,n0,3.764,(Sentido,Bairro/Centro),,,,,,,,,,
1159,86047,Av.,Dep.,Emilio,Carlos,prox.,a,R.,Crisolia,(Sentido,Centro/Bairro),,,,,,,,
1160,86047,Av.,Dep.,Emilio,Carlos,prox.,a,Av.,Eulina,(Sentido,Bairro/Centro),,,,,,,,
1161,86060,R.,Dr.,Zuquim,prox.,R.,Lidia,Coelho,(Sentido,Centro/Bairro),,,,,,,,,
1162,86066,Av.,Ede,prox.,R.,Silva,Guimaraes,(Sentido,Centro/Bairro),,,,,,,,,,
1163,86066,Av.,Ede,prox.,R.,Silva,Guimaraes,(Sentido,Bairro/Centro),,,,,,,,,,
1164,86058,Av.,Parada,Pinto,prox.,R.,Casa,Ilha,da,Madeira,(Sentido,Centro/Bairro),,,,,,,
1165,86058,Av.,Parada,Pinto,prox.,R.,Casa,Ilha,da,Madeira,(Sentido,Bairro/Centro),,,,,,,
1166,86044,R.,Cons.,Moreira,de,Barros,alt.,do,n0,2.826,(Sentido,Mandaqui/Santana),,,,,,,
1167,86044,R.,Cons.,Moreira,de,Barros,alt.,do,n0,2.826,(Sentido,Santana/Mandaqui),,,,,,,
1168,86046,R.,Dr.,Cesar,prox.,R.,Capitao,Manuel,Novais,(Sentido,Bairro/Centro),,,,,,,,
1169,86059,R.,Pe,Saboia,de,Medeiros,prox.,R.,Dr.,Afrodisio,Vidigal,(V.,Maria/Jd.,Japao),,,,,
1170,86059,R.,Pe,Saboia,de,Medeiros,prox.,R.,Dr.,Afrodisio,Vidigal,(Jd.,Japao/V.,Maria),,,,,
1171,86065,R.,John,Harrison,prox.,R.,Joao,Pereira,(Sentido,Barra,Funda/Lapa),,,,,,,,
1172,86054,Av.,Dep.,Cantidio,Sampaio,prox.,R.,Jose,Eduardo,Pereira,II,(Bairro/Centro),,,,,,,
1173,86069,R.,Cerro,Cora,alt.,do,n0,1.264,(Sentido,Centro/Bairro),,,,,,,,,
1174,86070,R.,Cerro,Cora,alt.,do,n0,1.264,(Sentido,Bairro/Centro),,,,,,,,,
1175,86056,Av.,Elisio,Teixeira,Leite,prox.,R.,Pe,Achilles,Silvestre,(Sentido,Centro/Bairro),,,,,,,
1176,86056,Av.,Elisio,Teixeira,Leite,prox.,R.,Pe,Achilles,Silvestre,(Sentido,Bairro/Centro),,,,,,,
1177,86068,R.,Cel.,Marcilio,Franco,alt.,do,n0,305,(Sentido,Centro/Bairro),,,,,,,,
1178,86068,R.,Cel.,Marcilio,Franco,alt.,do,n0,305,(Sentido,Bairro/Centro),,,,,,,,
1179,86055,Av.,Nova,Cantareira,alt.,do,n0,2.534,(Sentido,Tucuruvi/agua,Fria),,,,,,,,
1180,86061,Av.,Nova,Cantareira,alt.,do,n0,2.534,(Sentido,agua,Fria/Tucuruvi),,,,,,,,
1181,86053,Av.,Nova,Cantareira,alt.,do,n0,3.541,(Sentido,Tremembe/agua,Fria),,,,,,,,
1182,86062,Av.,Nova,Cantareira,alt.,do,n0,3541,(Sentido,agua,Fria/Tremembe),,,,,,,,
1183,86063,Av.,Raimundo,P.,Magalhaes,prox.,R.,Emilia,Bigotini,(Sentido,Centro/Bairro),,,,,,,,
1184,86057,Av.,Raimundo,P.,Magalhaes,prox.,R.,Emilia,Bigotini,(Sentido,Bairro/Centro),,,,,,,,
1185,86067,Av.,Clavasio,Alves,da,Silva,prox.,R.,Roque,de,Morais,(Sentido,Centro/Bairro),,,,,,
1186,86067,Av.,Clavasio,Alves,da,Silva,prox.,R.,Estela,Borges,Morato,(Sentido,Bairro/Centro),,,,,,
1187,86071,Av.,Dep.,Cantidio,Sampaio,prox.,Tr.,Vancouver,(Sentido,Bairro/Centro),,,,,,,,,
1188,86043,R.,Maria,Amalia,L.de,Azevedo,prox.,R.,Ana,Rosa,de,O.,Rossi,(Jd.Guapira/Tremembe),,,,,
1189,86043,R.,Maria,Amalia,L.de,Azevedo,prox.,R.,Ana,Rosa,de,O.,Rossi,(Tremembe/Jd.Guapira),,,,,
1190,86064,R.,Cardoso,de,Almeida,prox.,R.,Tacito,de,Almeida,(Sentido,Pacaembu/Barra,Funda),,,,,,
6000,9902001,Rua,Nova,Brasilia,proximo,a,Rua,Primeiro,Sorriso,(Sapopemba/Barreira,Grande),,,,,,,,
6001,9902001,Rua,Nova,Brasilia,proximo,a,Rua,Primeiro,Sorriso,(Barreira,Grande/Sapopemba),,,,,,,,
6002,9902007,Rua,Ana,Clara,proximo,a,Rua,Santa,Zita,(Morais,Costa/Oratorio),,,,,,,,
6003,9902004,Av.,Eng.,Heitor,Antonio,Eiras,Garcia,px.,R.,Cel.,Paulo,Souza,Barros,(Raposo/Butanta),,,,,
6004,9902004,Av.,Eng.,Heitor,Antonio,Eiras,Garcia,px.,R.,Cel.,Paulo,Souza,Barros,(Butanta/Raposo),,,,,
6005,9902003,Rua,Cel.,Diogo,prox.,Rua,Mariano,Procopio,(Cambuci/Ipiranga),,,,,,,,,,
6006,9902003,Rua,Cel.,Diogo,prox.,Rua,Mariano,Procopio,(Ipiranga/Cambuci),,,,,,,,,,
6007,9902005,Av.,Sadamu,Inoue,alt.,do,n0,2666,(Centro/Bairro),,,,,,,,,,
6008,9902005,Av.,Sadamu,Inoue,alt.,do,n0,2666,(Bairro/Centro),,,,,,,,,,
6009,9902010,Av.,Sadamu,Inoue,alt.,do,n0,6291,(Centro/Bairro),,,,,,,,,,
6010,9902010,Av.,Sadamu,Inoue,alt.,do,n0,6291,(Bairro/Centro),,,,,,,,,,
6011,9902006,Av.,Sapopemba,,proximo,a,Travessa,Ester,Gawendo,(Sao,Lucas/Sapopemba),,,,,,,,
6012,9902006,Av.,Sapopemba,proximo,a,Travessa,Ester,Gawendo,(Sapopemba/Sao,Lucas),,,,,,,,,
6014,9902009,Rua,Henrique,Sam,Mindlin,prox.,Rua,Abilio,Cesar,(M'Boi,Mirim/Itapecerica),,,,,,,,
6013,9902009,Rua,Henrique,Sam,Mindlin,prox.,Rua,Abilio,Cesar,(Itapecerica/M'Boi,Mirim),,,,,,,,
6015,9902008,Av.,Francisco,de,Paula,Q.,Ribeiro,em,frente,ao,n0,280,(Centro/Bairro,),,,,,
6016,9902008,Av.,Francisco,de,Paula,Q.,Ribeiro,em,frente,n0,280,(Bairro/Centro),,,,,,,
6017,9902017,Av.,do,Cursino,altura,do,numero,6319,(Sao,Paulo/,Diadema),,,,,,,,
6018,9902017,Av.,do,Cursino,altura,do,numero,6319,(Diadema/,Sao,Paulo),,,,,,,,
6019,9902015,Estrada,do,M',Boi,Mirim,altura,do,numero,6880,(Centro/Bairro),,,,,,,,
6020,9902015,Estrada,do,M',Boi,Mirim,altura,do,numero,6880,(Bairro/Centro),,,,,,,,
6021,9902011,Av.,IV,Centenario,proximo,a,Rua,Leiria,(Bairro/Centro),,,,,,,,,,
6022,9902011,Av.,IV,Centenario,proximo,a,Rua,Leiria,(Centro/Bairro),,,,,,,,,,
6023,9902012,Rua,Padre,Arlindo,Vieira,-,altura,n0,3.1,(Anchieta/Imigrantes),,,,,,,,,
6024,9902012,Rua,Padre,Arlindo,Vieira,-,altura,n0,3.1,-,(Imigrantes/Anchieta),,,,,,,,
6025,9902016,Av.,Angelo,Cristianini,-,proximo,a,Rua,Primo,Fazzini,-,(Centro/Bairro),,,,,,,
6026,9902016,Av.,Angelo,Cristianini,-,proximo,a,Rua,Primo,Fazzini,#NAME?,,,,,,,,
6027,9902021,Av.,do,Oratorio,-,altura,do,n0,3.191,-,(Centro/Bairro),,,,,,,,
6028,9902021,Av.,do,Oratorio,-,altura,do,n0,3.191,-,(Bairro/Centro),,,,,,,,
6029,9902013,Av.,Vila,Ema,-,altura,do,n0,5.475,-,(Bairro/Centro),,,,,,,,
6030,9902013,Av.,Vila,Ema,-,altura,do,n0,5.475,-,(Centro/Bairro),,,,,,,,
6031,9902020,Rua,Dom,Vilares,proximo,a,Rua,Evolucao,(Anchieta/Imigrantes),,,,,,,,,,
6032,9902020,Rua,Dom,Vilares,proximo,a,Rua,Evolucao,(Imigrantes/Anchieta),,,,,,,,,,
6033,9902023,Av.,Pedro,Bueno,proximo,a,Rua,Monsenhor,Antonio,Pepe,(Bairro/Centro),,,,,,,,
6034,9902024,Av.,Pedro,Bueno,proximo,a,Rua,Monsenhor,Antonio,Pepe,(Centro/Bairro),,,,,,,,
6035,9902014,Rua,Dr.,Francisco,Thomaz,de,Carvalho,prox.,a,R.Ernest,Renan,(Giovanni/Morumbi),,,,,,,
6036,9902014,Rua,Dr.,Francisco,Thomaz,de,Carvalho,prox.,a,R.Ernest,Renan,(Morumbi/Giovanni),,,,,,,
6037,9902019,Rua,Vergueiro,proximo,a,Rua,Prof.,Vilalva,Jr.,(Centro/Bairro),,,,,,,,,
6038,9902019,Rua,Vergueiro,proximo,a,Rua,Prof.,Vilalva,Jr.,(Bairro/Centro),,,,,,,,,
6039,9902026,Rua,Solidonio,Leite,altura,do,n0,2.563,(Centro/Bairro),,,,,,,,,,
6040,9902026,Rua,Solidonio,Leite,altura,do,n0,2.563,(Bairro/Centro),,,,,,,,,,
6041,9902034,R.,Nossa,Senhora,da,Saude,proximo,a,R.,Daniel,Marot,(Anchieta/Imigrantes),,,,,,,
6042,9902034,R.,Nossa,Senhora,da,Saude,proximo,a,R.,Daniel,Marot,(Imigrantes/Anchieta),,,,,,,
6043,9902027,R.,Engenheiro,Oscar,Americano,proximo,a,R.,Circular,do,Bosque,(Bairro/Centro),,,,,,,
6044,9902028,Av.,Interlagos,altura,do,numero,7.228,(Centro/Bairro),,,,,,,,,,,
6045,9902029,Av.,Interlagos,altura,do,numero,7.228,(Bairro/Centro),,,,,,,,,,,
6046,9902022,Av.,Senador,Teotonio,Vilela,proximo,a,R.,Transamazonica,(Centro/Bairro),,,,,,,,,
6047,9902025,Av.,Prof.,Francisco,Morato,altura,do,n0,4.498,(Centro/Bairro),,,,,,,,,
6048,9902054,Av.,Dr.,Gentil,de,Moura,proximo,a,R.,Barauna,(Centro/Bairro),,,,,,,,
6049,9902032,Av.,Da.,Belmira,Marin,proximo,a,R.,Jose,Dias,Paes,(Centro/Bairro),,,,,,,
6050,9902032,Av.,Da.,Belmira,Marin,proximo,a,R.,Jose,Dias,Paes,(Bairro/Centro),,,,,,,
6051,9902033,Av.,Zelina,px.,a,R.,Frei,Antonio,de,Guadalupe,(V.,Alpina/V.,Prudente),,,,,,
6052,9902033,Av.,Zelina,px.,a,R.,Frei,Antonio,de,Guadalupe,(V.,Prudente/V.,Alpina),,,,,,
6053,9902002,R.,Francisco,Rebelo,proximo,a,R.,Napagoe,(Sao,Lucas/Vila,California),,,,,,,,
6054,9902039,R.,Olivia,Guedes,Penteado,prox.,R.,Nossa,Senhora,do,Socorro,(Centro/Bairro),,,,,,,
6055,9902039,R.,Olivia,Guedes,Penteado,prox.,R.,Nossa,Senhora,do,Socorro,(Bairro/Centro),,,,,,,
6056,9902037,Av.,Dr.,Guilherme,Dumont,Vilares,altura,do,n0,1.093,(Giovanni/Morato),,,,,,,,
6057,9902053,Av.Comendador,Sant'Anna,prox.R.Francesco,Talenti,(Itapecerica/M'Boi,Mirim),,,,,,,,,,,,
6058,9902053,Av.Comendador,Sant'Anna,prox.R.Francesco,Talenti,(M'Boi,Mirim/Itapecerica),,,,,,,,,,,,
6059,9902052,Av.,Maria,Coelho,Aguiar,prox.,R.,Antonio,da,Mata,Junior,(Centro/Bairro),,,,,,,
6060,9902052,Av.,Maria,Coelho,Aguiar,prox.,R.,Antonio,da,Mata,Junior,(Bairro/Centro),,,,,,,
6061,9902043,R.,do,Lavapes,altura,do,n0,598,(Centro/Bairro),,,,,,,,,,
6062,9902038,Estr.,do,Alvarenga,alt.Praca,Alexandre,Francisco,Reboucas,(Centro/Bairro),,,,,,,,,,
6063,9902038,Estr.,do,Alvarenga,alt.Praca,Alexandre,Francisco,Reboucas,(Bairro/Centro),,,,,,,,,,
6064,9902018,R.Jose,Ramon,Urtizaprox.,R.,Fabio,Lopes,Santos,Luz,(Marg.Pinheiros/Giovanni),,,,,,,,,
6065,9902018,R.Jose,Ramon,Urtizaprox.,R.,Fabio,Lopes,Santos,Luz,(Giovanni/Marg.Pinheiros),,,,,,,,,
6066,9902044,R.,Eng.,Ranulfo,Pinheiro,de,Lima,prox.,a,R.,Peacaba,(Ipiranga/V.Mariana),,,,,,,
6067,9902030,Av.,Giovanni,Gronchi,altura,do,n0,3.107,(sent.,Centro/Bairro),,,,,,,,,
6068,9902030,Av.,Giovanni,Gronchi,altura,do,n0,3.107,(sent.,Bairro/Centro),,,,,,,,,
6069,9902036,Estr.,da,Barreira,Grande,proximo,a,R.,Tuma,Maluly,(sent.,Centro/Bairro),,,,,,,
6070,9902036,Estr.,da,Barreira,Grande,proximo,a,R.,Tuma,Maluly,(sent.,Bairro/Centro),,,,,,,
6071,9902035,Estr.,da,Barreira,Grande,altura,do,n0,2.079,(sent.,Centro/Bairro),,,,,,,,
6072,9902035,Estr.,da,Barreira,Grande,altura,do,n0,2.079,(sent.,Bairro/Centro),,,,,,,,
6073,9902049,Av.,Eng.,Alberto,de,Zagottis,prox.,a,R.,Salim,Antonio,Curiati,(Centro/Bairro),,,,,,
6074,9902050,Av.,Eng.,Alberto,de,Zagottis,prox.,a,R.,Salim,Antonio,Curiati,(Bairro/Centro),,,,,,
6075,9902048,Estr.,do,Campo,Limpo,proximo,a,R.,Guanaja,(sent.,Campo,Limpo/Marginal),,,,,,,
6076,9902045,R.,Costa,Barros,altura,do,n0,1.448,(sent.,Centro/Bairro),,,,,,,,,
6077,9902045,R.,Costa,Barros,altura,do,n0,1.448,(sent.,Bairro/Centro),,,,,,,,,
6078,9902051,R.,Mal.,Hastimphilo,de,Moura,prox,a,R.,Prof.,Julio,de,Oliveira,(Giovanni/Morato),,,,,
6079,9902051,R.,Mal.,Hastimphilo,de,Moura,prox.,a,R.,Prof.,Julio,de,Oliveira,(Morato/Giovanni),,,,,
6080,9902041,Av.,Pres.,Altino,proximo,a,Rua,Sao,Fidelis,(sent.,Jaguare/Rio,Pequeno),,,,,,,
6081,9902041,Av.,Pres.,Altino,proximo,a,Rua,Sao,Fidelis,(sent.,Rio,Pequeno/Jaquare),,,,,,,
6082,9902040,Estr.,do,Campo,Limpo,altura,do,n0,5.211,(sent.,V.,Sonia/Campo,Limpo),,,,,,
6083,9902040,Estr.,do,Campo,Limpo,altura,do,n0,5.211,(sent.,Campo,Limpo/V.,Sonia),,,,,,
6084,9902042,R.,Ribeiro,Lacerda,proximo,a,Rua,Fonseca,da,Costa,(sent.,Anchieta/Imigrantes),,,,,,,
6085,9902042,R.,Ribeiro,Lacerda,proximo,a,Rua,Fonseca,da,Costa,(sent.,Imigrantes/Anchieta),,,,,,,
6086,9902047,Av.,do,Rio,Bonito,proximo,a,Rua,Angelo,Santi,(sent.,Interlagos/Guarapiranga),,,,,,,
6087,9902047,Av.,do,Rio,Bonito,proximo,a,Rua,Angelo,Santi,(sent.,Guarapiranga/Interlagos),,,,,,,
6088,9902031,Tunel,Sebastiao,Camargo,Emboque,(sent.,Morumbi/Ibirapuera),,,,,,,,,,,,
6089,9902046,Av.,do,Oratorio,proximo,a,Rua,Jorge,Silva,Luz,(sent.,Centro/Bairro),,,,,,,
6090,9902046,Av.,do,Oratorio,proximo,a,Rua,Jorge,Silva,Luz,(sent.,Bairro/Centro),,,,,,,
6500,411,R.,Fernao,Carrilho,Proximo,a,Av.,Miguel,Achiole,da,Fonseca,(sent.,Ferraz,de,Vasconcelos/Guaianazes),,,,
6501,411,R.,Fernao,Carrilho,Proximo,a,Av.,Miguel,Achiole,da,Fonseca,(sent.,Guaianazes/,Ferraz,de,Vasconcelos),,,
6502,413,R.,Con.,Antonio,Manzi,Proximo,a,Av.,agua,Vermelha,(sent.,Nordestina/Lageado),,,,,,,
6503,413,R.,Con.,Antonio,Manzi,Proximo,a,Av.,agua,Vermelha,(sent.,Lageado/Nordestina),,,,,,,
6504,412,R.,Salvador,Gianetti,Altura,do,n0,386,(sent.,Centro/Bairro),,,,,,,,,
6505,412,R.,Salvador,Gianetti,Altura,do,n0,386,(sent.,Bairro/Centro),,,,,,,,,
6506,416,R.,Jardim,Tamoio,Proximo,a,R.,Cristovao,de,Salamanca,(sent.,Itaquera/Guaianazes),,,,,,,
6507,416,R.,Jardim,Tamoio,Proximo,a,R.,Cristovao,de,Salamanca,(sent.,Guaianazes/Itaquera),,,,,,,
6508,415,Av.,dos,Latinos,Proximo,a,R.,Meridionais,(sent.,Aricanduva/Cidade,Lider),,,,,,,,
6509,415,Av.,dos,Latinos,Proximo,a,R.,Meridionais,(sent.,Cidade,Lider/Aricanduva),,,,,,,,
6510,414,Av.,Paranagua,Altura,do,n0,2.07,(sent.,Assis,Ribeiro/Sao,Miguel),,,,,,,,
6511,414,Av.,Paranagua,Altura,do,n0,2.07,(sent.,Sao,Miguel/Assis,Ribeiro),,,,,,,,
6512,418,Av.,Amador,Bueno,da,Veiga,prox.,a,R.,Pedro,Alegretti,(sent.,Centro/Bairro),,,,,,
6513,418,Av.,Amador,Bueno,da,Veiga,prox.,a,R.,Pedro,Alegretti,(sent.,Bairro/Centro),,,,,,
6514,428,R.,Olho,D’agua,do,Borges,altura,do,n0,184,(sent.,Centro/Bairro),,,,,,,
6515,428,R.,Olho,D’agua,do,Borges,altura,do,n0,184,(sent.,Bairro/Centro),,,,,,,
6516,423,Av.,Barao,de,Alagoas,prox.,a,R.,Itajuibe,(sent.,Centro/Bairro),,,,,,,,
6517,423,Av.,Barao,de,Alagoas,prox.,a,R.,Itajuibe,(sent.,Bairro/Centro),,,,,,,,
6518,422,R.,Itingucu,altura,do,n0,1.503,(sent.,Centro/Bairro),,,,,,,,,,
6519,422,R.,Itingucu,altura,do,n0,1.503,(sent.,Bairro/Centro),,,,,,,,,,
6520,426,R.,Manuel,Bueno,da,Fonseca,altura,do,n0,300,(sent.,Centro/Bairro),,,,,,,
6521,426,R.,Manuel,Bueno,da,Fonseca,altura,do,n0,300,(sent.,Bairro/Centro),,,,,,,
6522,419,Estr.,Dom,Joao,Nery,prox.,a,R.,Sabinopolis,(sent.,Itaim,Paulista/Lageado),,,,,,,
6523,419,Estr.,Dom,Joao,Nery,prox.,a,R.,Sabinopolis,(sent.,Lageado/Itaim,Paulista),,,,,,,
6524,427,R.,Sabbado,D’Angelo,prox.,a,R.,Cautaros,(sent.,Sao,Miguel/Iguatemi),,,,,,,,
6525,427,R.,Sabbado,D’Angelo,prox.,a,R.,Cautaros,(sent.,Iguatemi/Sao,Miguel),,,,,,,,
6526,424,R.,Luis,Mateus,prox.,a,R.,Gal.,Moreira,Couto,(sent.,Sao,Miguel/Iguatemi),,,,,,
6527,424,R.,Luis,Mateus,prox.,a,R.,Gal.,Moreira,Couto,(sent.,Iguatemi/Sao,Miguel),,,,,,
6528,453,Vd.,Armando,Puglisi,do,Bexiga,prox.,Pca,Dom,Orione,(sent.,Paraiso/Consolacao),,,,,,,
6529,454,R.,Maestro,Cardim,prox.,a,R.,Raul,Carmilo,(sent.,Paraiso/Liberdade),,,,,,,,
6530,455,R.,Eng.,Edgar,Egidio,de,Sousa,altura,do,n0,303,(sent.,Santa,Cecilia/Pacaembu),,,,,
6531,439,Av.,alvaro,Ramos,prox.,a,R.,Manuel,Pereira,Lobo,(sent.,Centro/Bairro),,,,,,,
6532,439,Av.,alvaro,Ramos,prox.,a,R.,Manuel,Pereira,Lobo,(sent.,Bairro/Centro),,,,,,,
6533,436,Av.,Celso,Garcia,alt.,do,n0,4.911,(sent.,Bairro/Centro),,,,,,,,,
6534,425,Av.,Renata,alt.,do,n0,257,(sent.,Aricanduva/Sapopemba),,,,,,,,,,
6535,425,Av.,Renata,alt.,do,n0,257,(sent.,Sapopemba/Aricanduva),,,,,,,,,,
6536,435,R.,Celso,de,Azevedo,Marques,alt.,do,n0,196,(sent.,Centro/Bairro),,,,,,,
6537,435,R.,Celso,de,Azevedo,Marques,alt.,do,n0,196,(sent.,Bairro/Centro),,,,,,,
6538,420,Av.,Cangaiba,prox.,R.,Domingos,de,Lucca,(sent.,Centro/Bairro),,,,,,,,,
6539,420,Av.,Cangaiba,prox.,R.,Domingos,de,Lucca,(sent.,Bairro/Centro),,,,,,,,,
6540,431,R.,da,Passagem,Funda,prox.,R.,Prof.,Tadeu,(sent.,Iguatemi/Guaianazes),,,,,,,,
6541,430,R.,da,Passagem,Funda,alt.,do,n0,518,(sent.,Guaianazes/Iguatemi),,,,,,,,
6542,429,R.,Benedito,Leite,de,avila,prox.,R.,Tapinhuau,(sent.,Bairro/Centro),,,,,,,,
6543,433,Av.,Dr.,Jose,Artur,Nova,alt.,do,n0,806,(sent.,Sao,Miguel/Guarulhos),,,,,,
6544,433,Av.,Dr.,Jose,Artur,Nova,alt.,do,n0,807,(sent.,Guarulhos/Sao,Miguel),,,,,,
6545,421,Av.,Boturussu,alt.,do,n0,915,(sent.,Sao,Miguel/Paranagua),,,,,,,,,
6546,421,Av.,Boturussu,alt.,do,n0,915,(sent.,Paranagua/Sao,Miguel),,,,,,,,,
6547,437,Av.,Celso,Garcia,alt.,do,n0,1.907,(sent.,Centro/Bairro),,,,,,,,,
6548,437,Av.,Celso,Garcia,alt.,do,n0,1.907,(sent.,Bairro/Centro),,,,,,,,,
6549,452,R.,Sao,Teodoro,altura,do,n0,1.206,(sentido,Centro/Bairro),,,,,,,,,
6550,452,R.,Sao,Teodoro,altura,do,n0,1.206,(sentido,Bairro/Centro),,,,,,,,,
6551,462,Av.,aguia,de,Haia,prox.,a,R.,Cuim,(sentido,Sao,Miguel/Radial),,,,,,,
6552,462,Av.,aguia,de,Haia,prox.,a,R.,Cuim,(sentido,Radial/Sao,Miguel),,,,,,,
6553,457,Av.,aguia,de,Haia,prox.,a,R.,Nelson,Tartuce,(sentido,Sao,Miguel/Radial),,,,,,
6554,457,Av.,aguia,de,Haia,prox.,a,R.,Nelson,Tartuce,(sentido,Radial/Sao,Miguel),,,,,,
6555,458,Av.,Afonso,de,Sampaio,e,Souza,prox.,a,R.,Hipolito,de,Sousa,(sentido,Centro/Bairro),,,,
6556,458,Av.,Afonso,de,Sampaio,e,Souza,prox.,a,R.,Hipolito,de,Sousa,(sentido,Bairro/Centro),,,,
6557,446,R.,Augusto,Carlos,Bauman,prox.,a,R.,alvaro,de,Mendonca,(sentido,Centro/Bairro),,,,,,
6558,446,R.,Augusto,Carlos,Bauman,prox.,a,R.,alvaro,de,Mendonca,(sentido,Bairro/Centro),,,,,,
6559,451,R.,Damasio,Pinto,altura,do,n0,294,(sentido,Centro/Bairro),,,,,,,,,
6560,451,R.,Damasio,Pinto,altura,do,n0,294,(sentido,Bairro/Centro),,,,,,,,,
6561,460,Av.,Lider,prox.,a,R.,Dias,Coelho,(sentido,Centro/Bairro),,,,,,,,,
6562,460,Av.,Lider,prox.,a,R.,Dias,Coelho,(sentido,Bairro/Centro),,,,,,,,,
6563,449,Av.,Nordestina,prox.,a,Av.,Claudio,da,Costa,(sentido,Sao,Miguel/Lageado),,,,,,,
6564,449,Av.,Nordestina,prox.,a,Av.,Claudio,da,Costa,(sentido,Lageado/Sao,Miguel),,,,,,,
6565,445,R.,do,Oratorio,prox.,a,R.,Enta,(sentido,Mooca/agua,Rasa),,,,,,,,
6566,445,R.,do,Oratorio,prox.,a,R.,Enta,(sentido,agua,Rasa/Mooca),,,,,,,,
6567,438,Av.,Cipriano,Rodrigues,altura,do,n0,314,(sentido,Aricanduva/Sao,Mateus),,,,,,,,
6568,438,Av.,Cipriano,Rodrigues,altura,do,n0,314,(sentido,Sao,Mateus/Aricanduva),,,,,,,,
6569,440,Av.,Oliveira,Freire,prox.,a,R.,Jose,Nunes,dos,Santos,(sentido,Sao,Miguel/Guarulhos),,,,,
6570,440,Av.,Oliveira,Freire,prox.,a,R.,Jose,Nunes,dos,Santos,(sentido,Guarulhos/Sao,Miguel),,,,,
6571,459,Av.,Sao,Miguel,altura,do,n0,2.384,(sentido,Centro/Bairro),,,,,,,,,
6572,461,Av.,Sao,Miguel,prox.,a,R.Jairo,Fernandes,Garcia,(sentido,Bairro/Centro),,,,,,,,
6573,432,Av.,Nordestina,altura,do,n0,4.704,(sentido,Sao,Miguel/Lageado),,,,,,,,,
6574,432,Av.,Nordestina,altura,do,n0,4.704,(sentido,Lageado/Sao,Miguel),,,,,,,,,
6575,448,Estr.,do,Lageado,Velho,prox.,a,R.,Tingoassuiba,(sentido,Centro/Bairro),,,,,,,,
6576,448,Estr.,do,Lageado,Velho,prox.,a,R.,Tingoassuiba,(sentido,Bairro/Centro),,,,,,,,
6577,463,Av.,Jose,Pinheiro,Borges,prox.,a,R.,Erli,(sentido,Centro/Bairro),,,,,,,,
6578,444,R.,Joao,Boemer,prox.,a,R.,Behring,(sentido,Bairro/Centro),,,,,,,,,
6579,464,Av.,Osvaldo,Pucci,prox.,a,R.,John,Speers,(sentido,Cidade,Lider/Jose,Bonifacio),,,,,,
6580,489,Av.,Osvaldo,Pucci,prox.,a,R.,John,Speers,(sentido,Jose,Bonifacio/Cidade,Lider),,,,,,
6581,441,Av.,Mal.,Tito,prox.,a,R.,Amadeu,Ruotti,(sentido,Centro/Bairro),,,,,,,,
6582,441,Av.,Mal.,Tito,prox.,a,R.,Amadeu,Ruotti,(sentido,Bairro/Centro),,,,,,,,
6583,456,Av.,Cangaiba,prox.,a,R.,Alberto,Colombero,(sentido,Centro/Bairro),,,,,,,,,
6584,456,cangaiba,,,,,,,,,,,,,,,,,
6585,443,Av.,Mal.,Tito,prox.,a,R.,Jose,de,Toledo,Rendon,(sentido,Centro/Bairro),,,,,,
6586,443,Av.,Mal.,Tito,prox.,a,R.,Jose,de,Toledo,Rendon,(sentido,Bairro/Centro),,,,,,
6587,450,Av.,Montemagno,prox.,a,R.,Fabio,(sentido,Vila,Formosa/agua,Rasa),,,,,,,,
6588,450,Av.,Montemagno,prox.,a,R.,Fabio,(sentido,agua,Rasa/Vila,Formosa),,,,,,,,
6589,447,Av.,Campanella,prox.,a,R.,Meleiro,(Sentido,Centro/Bairro),,,,,,,,,,
6590,447,Av.,Campanella,prox.,a,R.,Meleiro,(Sentido,Bairro/Centro),,,,,,,,,,
6591,442,Av.,Bom,Jardim,prox.,a,R.,Dr.,Miguel,Paulo,Capalbo,(Sentido,Centro/Bairro),,,,,,
6592,442,Av.,Bom,Jardim,prox.,a,R.,Dr.,Miguel,Paulo,Capalbo,(Sentido,Bairro/Centro),,,,,,
6500,411,R.,Fernao,Carrilho,Proximo,a,Av.,Miguel,Achiole,da,Fonseca,(sent.,Ferraz,de,Vasconcelos/Guaianazes),,,,
6501,411,R.,Fernao,Carrilho,Proximo,a,Av.,Miguel,Achiole,da,Fonseca,(sent.,Guaianazes/,Ferraz,de,Vasconcelos),,,
6502,413,R.,Con.,Antonio,Manzi,Proximo,a,Av.,agua,Vermelha,(sent.,Nordestina/Lageado),,,,,,,
6503,413,R.,Con.,Antonio,Manzi,Proximo,a,Av.,agua,Vermelha,(sent.,Lageado/Nordestina),,,,,,,
6504,412,R.,Salvador,Gianetti,Altura,do,n0,386,(sent.,Centro/Bairro),,,,,,,,,
6505,412,R.,Salvador,Gianetti,Altura,do,n0,386,(sent.,Bairro/Centro),,,,,,,,,
6506,416,R.,Jardim,Tamoio,Proximo,a,R.,Cristovao,de,Salamanca,(sent.,Itaquera/Guaianazes),,,,,,,
6507,416,R.,Jardim,Tamoio,Proximo,a,R.,Cristovao,de,Salamanca,(sent.,Guaianazes/Itaquera),,,,,,,
6508,415,Av.,dos,Latinos,Proximo,a,R.,Meridionais,(sent.,Aricanduva/Cidade,Lider),,,,,,,,
6509,415,Av.,dos,Latinos,Proximo,a,R.,Meridionais,(sent.,Cidade,Lider/Aricanduva),,,,,,,,
6510,414,Av.,Paranagua,Altura,do,n0,2.07,(sent.,Assis,Ribeiro/Sao,Miguel),,,,,,,,
6511,414,Av.,Paranagua,Altura,do,n0,2.07,(sent.,Sao,Miguel/Assis,Ribeiro),,,,,,,,
6512,418,Av.,Amador,Bueno,da,Veiga,prox.,a,R.,Pedro,Alegretti,(sent.,Centro/Bairro),,,,,,
6513,418,Av.,Amador,Bueno,da,Veiga,prox.,a,R.,Pedro,Alegretti,(sent.,Bairro/Centro),,,,,,
6514,428,R.,Olho,D’agua,do,Borges,altura,do,n0,184,(sent.,Centro/Bairro),,,,,,,
6515,428,R.,Olho,D’agua,do,Borges,altura,do,n0,184,(sent.,Bairro/Centro),,,,,,,
6516,423,Av.,Barao,de,Alagoas,prox.,a,R.,Itajuibe,(sent.,Centro/Bairro),,,,,,,,
6517,423,Av.,Barao,de,Alagoas,prox.,a,R.,Itajuibe,(sent.,Bairro/Centro),,,,,,,,
6518,422,R.,Itingucu,altura,do,n0,1.503,(sent.,Centro/Bairro),,,,,,,,,,
6519,422,R.,Itingucu,altura,do,n0,1.503,(sent.,Bairro/Centro),,,,,,,,,,
6520,426,R.,Manuel,Bueno,da,Fonseca,altura,do,n0,300,(sent.,Centro/Bairro),,,,,,,
6521,426,R.,Manuel,Bueno,da,Fonseca,altura,do,n0,300,(sent.,Bairro/Centro),,,,,,,
6522,419,Estr.,Dom,Joao,Nery,prox.,a,R.,Sabinopolis,(sent.,Itaim,Paulista/Lageado),,,,,,,
6523,419,Estr.,Dom,Joao,Nery,prox.,a,R.,Sabinopolis,(sent.,Lageado/Itaim,Paulista),,,,,,,
6524,427,R.,Sabbado,D’Angelo,prox.,a,R.,Cautaros,(sent.,Sao,Miguel/Iguatemi),,,,,,,,
6525,427,R.,Sabbado,D’Angelo,prox.,a,R.,Cautaros,(sent.,Iguatemi/Sao,Miguel),,,,,,,,
6526,424,R.,Luis,Mateus,prox.,a,R.,Gal.,Moreira,Couto,(sent.,Sao,Miguel/Iguatemi),,,,,,
6527,424,R.,Luis,Mateus,prox.,a,R.,Gal.,Moreira,Couto,(sent.,Iguatemi/Sao,Miguel),,,,,,
6528,453,Vd.,Armando,Puglisi,do,Bexiga,prox.,Pca,Dom,Orione,(sent.,Paraiso/Consolacao),,,,,,,
6529,454,R.,Maestro,Cardim,prox.,a,R.,Raul,Carmilo,(sent.,Paraiso/Liberdade),,,,,,,,
6530,455,R.,Eng.,Edgar,Egidio,de,Sousa,altura,do,n0,303,(sent.,Santa,Cecilia/Pacaembu),,,,,
6531,439,Av.,alvaro,Ramos,prox.,a,R.,Manuel,Pereira,Lobo,(sent.,Centro/Bairro),,,,,,,
6532,439,Av.,alvaro,Ramos,prox.,a,R.,Manuel,Pereira,Lobo,(sent.,Bairro/Centro),,,,,,,
6533,436,Av.,Celso,Garcia,alt.,do,n0,4.911,(sent.,Bairro/Centro),,,,,,,,,
6534,425,Av.,Renata,alt.,do,n0,257,(sent.,Aricanduva/Sapopemba),,,,,,,,,,
6535,425,Av.,Renata,alt.,do,n0,257,(sent.,Sapopemba/Aricanduva),,,,,,,,,,
6536,435,R.,Celso,de,Azevedo,Marques,alt.,do,n0,196,(sent.,Centro/Bairro),,,,,,,
6537,435,R.,Celso,de,Azevedo,Marques,alt.,do,n0,196,(sent.,Bairro/Centro),,,,,,,
6538,420,Av.,Cangaiba,prox.,R.,Domingos,de,Lucca,(sent.,Centro/Bairro),,,,,,,,,
6539,420,Av.,Cangaiba,prox.,R.,Domingos,de,Lucca,(sent.,Bairro/Centro),,,,,,,,,
6540,431,R.,da,Passagem,Funda,prox.,R.,Prof.,Tadeu,(sent.,Iguatemi/Guaianazes),,,,,,,,
6541,430,R.,da,Passagem,Funda,alt.,do,n0,518,(sent.,Guaianazes/Iguatemi),,,,,,,,
6542,429,R.,Benedito,Leite,de,avila,prox.,R.,Tapinhuau,(sent.,Bairro/Centro),,,,,,,,
6543,433,Av.,Dr.,Jose,Artur,Nova,alt.,do,n0,806,(sent.,Sao,Miguel/Guarulhos),,,,,,
6544,433,Av.,Dr.,Jose,Artur,Nova,alt.,do,n0,807,(sent.,Guarulhos/Sao,Miguel),,,,,,
6545,421,Av.,Boturussu,alt.,do,n0,915,(sent.,Sao,Miguel/Paranagua),,,,,,,,,
6546,421,Av.,Boturussu,alt.,do,n0,915,(sent.,Paranagua/Sao,Miguel),,,,,,,,,
6547,437,Av.,Celso,Garcia,alt.,do,n0,1.907,(sent.,Centro/Bairro),,,,,,,,,
6548,437,Av.,Celso,Garcia,alt.,do,n0,1.907,(sent.,Bairro/Centro),,,,,,,,,
6549,452,R.,Sao,Teodoro,altura,do,n0,1.206,(sentido,Centro/Bairro),,,,,,,,,
6550,452,R.,Sao,Teodoro,altura,do,n0,1.206,(sentido,Bairro/Centro),,,,,,,,,
6551,462,Av.,aguia,de,Haia,prox.,a,R.,Cuim,(sentido,Sao,Miguel/Radial),,,,,,,
6552,462,Av.,aguia,de,Haia,prox.,a,R.,Cuim,(sentido,Radial/Sao,Miguel),,,,,,,
6553,457,Av.,aguia,de,Haia,prox.,a,R.,Nelson,Tartuce,(sentido,Sao,Miguel/Radial),,,,,,
6554,457,Av.,aguia,de,Haia,prox.,a,R.,Nelson,Tartuce,(sentido,Radial/Sao,Miguel),,,,,,
6555,458,Av.,Afonso,de,Sampaio,e,Souza,prox.,a,R.,Hipolito,de,Sousa,(sentido,Centro/Bairro),,,,
6556,458,Av.,Afonso,de,Sampaio,e,Souza,prox.,a,R.,Hipolito,de,Sousa,(sentido,Bairro/Centro),,,,
6557,446,R.,Augusto,Carlos,Bauman,prox.,a,R.,alvaro,de,Mendonca,(sentido,Centro/Bairro),,,,,,
6558,446,R.,Augusto,Carlos,Bauman,prox.,a,R.,alvaro,de,Mendonca,(sentido,Bairro/Centro),,,,,,
6559,451,R.,Damasio,Pinto,altura,do,n0,294,(sentido,Centro/Bairro),,,,,,,,,
6560,451,R.,Damasio,Pinto,altura,do,n0,294,(sentido,Bairro/Centro),,,,,,,,,
6561,460,Av.,Lider,prox.,a,R.,Dias,Coelho,(sentido,Centro/Bairro),,,,,,,,,
6562,460,Av.,Lider,prox.,a,R.,Dias,Coelho,(sentido,Bairro/Centro),,,,,,,,,
6563,449,Av.,Nordestina,prox.,a,Av.,Claudio,da,Costa,(sentido,Sao,Miguel/Lageado),,,,,,,
6564,449,Av.,Nordestina,prox.,a,Av.,Claudio,da,Costa,(sentido,Lageado/Sao,Miguel),,,,,,,
6565,445,R.,do,Oratorio,prox.,a,R.,Enta,(sentido,Mooca/agua,Rasa),,,,,,,,
6566,445,R.,do,Oratorio,prox.,a,R.,Enta,(sentido,agua,Rasa/Mooca),,,,,,,,
6567,438,Av.,Cipriano,Rodrigues,altura,do,n0,314,(sentido,Aricanduva/Sao,Mateus),,,,,,,,
6568,438,Av.,Cipriano,Rodrigues,altura,do,n0,314,(sentido,Sao,Mateus/Aricanduva),,,,,,,,
6569,440,Av.,Oliveira,Freire,prox.,a,R.,Jose,Nunes,dos,Santos,(sentido,Sao,Miguel/Guarulhos),,,,,
6570,440,Av.,Oliveira,Freire,prox.,a,R.,Jose,Nunes,dos,Santos,(sentido,Guarulhos/Sao,Miguel),,,,,
6571,459,Av.,Sao,Miguel,altura,do,n0,2.384,(sentido,Centro/Bairro),,,,,,,,,
6572,461,Av.,Sao,Miguel,prox.,a,R.Jairo,Fernandes,Garcia,(sentido,Bairro/Centro),,,,,,,,
6573,432,Av.,Nordestina,altura,do,n0,4.704,(sentido,Sao,Miguel/Lageado),,,,,,,,,
6574,432,Av.,Nordestina,altura,do,n0,4.704,(sentido,Lageado/Sao,Miguel),,,,,,,,,
6575,448,Estr.,do,Lageado,Velho,prox.,a,R.,Tingoassuiba,(sentido,Centro/Bairro),,,,,,,,
6576,448,Estr.,do,Lageado,Velho,prox.,a,R.,Tingoassuiba,(sentido,Bairro/Centro),,,,,,,,
6577,463,Av.,Jose,Pinheiro,Borges,prox.,a,R.,Erli,(sentido,Centro/Bairro),,,,,,,,
6578,444,R.,Joao,Boemer,prox.,a,R.,Behring,(sentido,Bairro/Centro),,,,,,,,,
6579,464,Av.,Osvaldo,Pucci,prox.,a,R.,John,Speers,(sentido,Cidade,Lider/Jose,Bonifacio),,,,,,
6580,489,Av.,Osvaldo,Pucci,prox.,a,R.,John,Speers,(sentido,Jose,Bonifacio/Cidade,Lider),,,,,,
6581,441,Av.,Mal.,Tito,prox.,a,R.,Amadeu,Ruotti,(sentido,Centro/Bairro),,,,,,,,
6582,441,Av.,Mal.,Tito,prox.,a,R.,Amadeu,Ruotti,(sentido,Bairro/Centro),,,,,,,,
6583,456,Av.,Cangaiba,prox.,a,R.,Alberto,Colombero,(sentido,Centro/Bairro),,,,,,,,,
6584,456,cangaiba,,,,,,,,,,,,,,,,,
6585,443,Av.,Mal.,Tito,prox.,a,R.,Jose,de,Toledo,Rendon,(sentido,Centro/Bairro),,,,,,
6586,443,Av.,Mal.,Tito,prox.,a,R.,Jose,de,Toledo,Rendon,(sentido,Bairro/Centro),,,,,,
6587,450,Av.,Montemagno,prox.,a,R.,Fabio,(sentido,Vila,Formosa/agua,Rasa),,,,,,,,
6588,450,Av.,Montemagno,prox.,a,R.,Fabio,(sentido,agua,Rasa/Vila,Formosa),,,,,,,,
6589,447,Av.,Campanella,prox.,a,R.,Meleiro,(Sentido,Centro/Bairro),,,,,,,,,,
6590,447,Av.,Campanella,prox.,a,R.,Meleiro,(Sentido,Bairro/Centro),,,,,,,,,,
6591,442,Av.,Bom,Jardim,prox.,a,R.,Dr.,Miguel,Paulo,Capalbo,(Sentido,Centro/Bairro),,,,,,
6592,442,Av.,Bom,Jardim,prox.,a,R.,Dr.,Miguel,Paulo,Capalbo,(Sentido,Bairro/Centro),,,,,,
7582,9904104,Av.,Alcantâra,Machado,apos,`Rua,Alvaro,Ramos,(Centro/Bairro),,,,,,,,,,
7583,9904105,Av.,Alcantâra,Machado,apos,`Rua,Alvaro,Ramos,(Centro/Bairro),,,,,,,,,,
7565,9904043,Av.,Alcântara,Machado,oposto,R.,Placidina,(Sent.Centro/Bairro),FX,1,2,e,3,,,,,,
7566,9904044,Av.,Alcântara,Machado,oposto,R.,Placidina,(Sent.Centro/Bairro),FX,4,5,e,6,,,,,,
7553,9904054,Av.,Alcântara,Machado,prox.,R.,Jaibaras,(Sent.,Centro/Bairro),FX,1,2,e,3,,,,,
7554,9904055,Av.,Alcântara,Machado,prox.,R.,Jaibaras,(Sent.,Centro/Bairro),FX,4,e,5,,,,,,
7555,9904041,Av.,Alcântara,Machado,prox.,R.,Placidina,(Sent.,Bairro/Centro),FX,1,2,e,3,,,,,
7556,9904042,Av.,Alcântara,Machado,prox.,R.,Placidina,(Sent.,Bairro/Centro),FX,4,5,e,6,,,,,
7550,9904053,Av.,Aricanduva,alt.,do,n0,12.7,(Sentido,Radial,Leste/Sao,Mateus),,,,,,,,
7551,9904052,Av.,Aricanduva,alt.,do,n0,12.011,(Sentido,Sao,Mateus/Radial,Leste),,,,,,,,
7584,9904040,Av.,Aricanduva,prox.,a,Rua,Funilândia,(Mar.,Tiete/Sao,Mateus),,,,,,,,,
7585,9904040,Av.,Aricanduva,prox.,a,Rua,Funilândia,(Mar.,Tiete/Sao,Mateus),,,,,,,,,
7563,9904073,Av.,Calim,Eid,oposto,a,R.,Altos,Verdes,(Sentido,Bairro/Centro),,,,,,,,
7564,9904074,Av.,Calim,Eid,prox.,R.,Taru,(Sentido,Centro/Bairro),,,,,,,,,,
7569,9904049,Av.,Conde,de,Frontin,antes,da,R.,Pinhalzinho,(Centro/Bairro),-,FX,1,2,e,3,,,
7570,9904048,Av.,Conde,de,Frontin,antes,da,R.,Pinhalzinho,(Centro/Bairro),-,FX,4,e,5,,,,
7571,9904051,Av.,Conde,de,Frontin,oposto,a,R.,Pinhalzinho,(Bairro/Centro),-,FX,1,2,e,3,,,
7572,9904050,Av.,Conde,de,Frontin,oposto,a,R.,Pinhalzinho,(Bairro/Centro),-,FX,4,e,5,,,,
7522,9904047,Av.,Eusebio,Matoso,prox.,ao,Shopping,Eldorado,(Bairro/Centro)-Fx,Exclus,onibus,,,,,,,,
7523,9904047,Av.,Eusebio,Matoso,prox.,ao,Shopping,Eldorado,(Sentido,Bairro/Centro),,,,,,,,,
7524,9904045,Av.,Eusebio,Matoso,apos,R.,Cardeal,Arcoverde,#NAME?,Exclus,onibus,,,,,,,,
7525,9904046,Av.,Eusebio,Matoso,apos,a,R.,Cardeal,Arcoverde,(Sentido,Centro/Bairro),,,,,,,,
7510,9904003,Av,Itaquera,prox,R,Guiomar,de,Ataliba,Penteado,(Sent.,Radial,Leste/Itaquera),,,,,,,
7511,9904004,Av.,Itaquera,prox.,Av.,Sylvio,Torres,(Sentido,Itaquera/Radial,Leste),,,,,,,,,
7512,9904013,Av.,Jacu-Pessego/N.Trab.,apos,Estr.,dos,Monos,(Sent.,Sao,Miguel/Sao,Mateus),,,,,,,,
7541,9904017,Av,Jacu-Pessego/N.Trab.,oposto,R,Cel,Manuel,F.,de,Souza,(S.Miguel/S.Mateus),,,,,,,,
7542,9904018,Av.,Jacu-Pessego/N.Trab.,apos,R,Cel,Manuel,F.,de,Souza,(S.Mateus/S.Miguel),,,,,,,,
7543,9904035,Av.,Jacu-Pessego/N.Trab.,apos,R.,Shinzaburo,Mizutani,(S.Miguel/S.Mateus),,,,,,,,,,,
7539,9904099,Av.,Jacu-Pessego/N.Trab,antes,da,R.,Iososuke,Okaue,(S.Miguel/S.Mateus),,,,,,,,,,
7540,9904100,Av.,Jacu-Pessego/N.Trab,antes,da,R.,Jaime,Ribeiro,Wright,(S.Mateus/S.Miguel),,,,,,,,,
7578,9904085,Av.,Jose,Pinheiro,Borges,300m,antes,da,R.,Bento,Munhoz,(Sentido,Centro/Bairro),,,,,,
7561,9904081,Av.,Jose,Pinheiro,Borges,antes,da,R.,Itagimirim,(Sentido,Centro/Bairro),,,,,,,,
7562,9904082,Av.,Jose,Pinheiro,Borges,antes,da,R.,Itagimirim,(Sentido,Bairro/Centro),,,,,,,,
7530,9904015,Av.,Nove,de,Julho,sob,Vd.,Nove,de,Julho,(Sent.,Centro/Bairro)-Fx,Exclus,onibus,,,,,
7531,9904015,Av.,Nove,de,Julho,sob,Vd.,Nove,de,Julho,(Sentido,Centro/Bairro),,,,,,,
7532,9904016,Av.,Nove,de,Julho,sob,Vd.,Nove,de,Julho,(Sent.,Bairro/Centro)-Fx,Exclus,onibus,,,,,
7533,9904016,Av.,Nove,de,Julho,sob,Vd.,Nove,de,Julho,(Sentido,Bairro/Centro),,,,,,,
7534,9904023,Av.,Nove,de,Julho,alt.,da,R.,Prof.,Picarolo,(Bairro/Centro)-Fx,Exclus,onibus,,,,,,
7535,9904023,Av.,Nove,de,Julho,alt.,da,R.,Prof.,Picarolo,(Sentido,Bairro/Centro),,,,,,,
7536,9904024,Av.,Nove,de,Julho,alt.,R.,Eng.,Monlevade,(Sentido,Centro/Bairro)-Fx,Exclus,onibus,,,,,,
7537,9904025,Av.,Nove,de,Julho,alt.,R.,Eng.,Monlevade,(Centro/Bairro)-Fx2,#NAME?,Exclus,onibus,,,,,,
7538,9904025,Av.,Nove,de,Julho,alt.,R.,Eng.,Monlevade,(Sentido,Centro/Bairro),,,,,,,,
7518,9904026,Av.,Nove,de,Julho,prox.,R.,Martinica,(Sent.,Centro/Bairro),-,Fx,Exclus,onibus,,,,,
7519,9904026,Av.,Nove,de,Julho,prox.,R.,Martinica,(Sentido,Centro/Bairro),,,,,,,,,
7520,9904027,Av.,Nove,de,Julho,antes,da,Av.,Brasil,(Sent.,Bairro/Centro),-,Fx,Exclus,onibus,,,,
7521,9904027,Av.,Nove,de,Julho,antes,da,Av.,Brasil,(Sentido,Bairro/Centro),,,,,,,,
7573,9904080,Av.,Paes,de,Barros,alt.,do,n0,3.42,(Sentido,Centro/Bairro)-Fx,Exclus,onibus,,,,,,
7574,9904080,Av.,Paes,de,Barros,alt.,do,n0,3.42,(Sentido,Centro/Bairro),,,,,,,,
7575,9904093,Av.,Paes,de,Barros,antes,da,R.,Juventus,(Sentido,Bairro/Centro)-Fx,Exclus,onibus,,,,,,
7576,9904093,Av.,Paes,de,Barros,antes,da,R.,Juventus,(Sentido,Bairro/Centro)-FX,2,,,,,,,
7577,9904098,Av.,Paes,de,Barros,antes,da,R.,Juventus,(Sentido,Bairro/Centro),,,,,,,,
7557,9904077,Av.,Reboucas,alt.,do,n0,2.38,(Sentido,Centro/Bairro)-Fx,Exclus,onibus,,,,,,,,
7558,9904077,Av.,Reboucas,alt.,do,n0,2.38,(Sentido,Centro/Bairro),,,,,,,,,,
7559,9904078,Av.,Reboucas,alt.,do,n0,2.38,(Sentido,Bairro/Centro)-Fx,Exclus,onibus,,,,,,,,
7560,9904078,Av.,Reboucas,alt.,do,n0,2.38,(Sentido,Bairro/Centro),,,,,,,,,,
7545,9904075,Av.,Reboucas,oposto,Al.,Lorena,(Sentido,Centro/Bairro)-Fx,Exclus,onibus,,,,,,,,,
7546,9904075,Av.,Reboucas,oposto,Al.,Lorena,(Sentido,Centro/Bairro),,,,,,,,,,,
7547,9904076,Av.,Reboucas,apos,Al.,Lorena,(Sentido,Bairro/Centro)-Fx,Exclus,onibus,,,,,,,,,
7548,9904076,Av.,Reboucas,apos,Al.,Lorena,(Sentido,Bairro/Centro),,,,,,,,,,,
7500,9904056,Av.,Rio,Branco,prox.,Al.,Nothmann,(Sent.,Centro/Bairro)-Faixa,Exclus.,onibus,,,,,,,,
7514,9904008,Av.,Salim,Farah,Maluf,prox.,Av.,Vila,Ema,(Sent.,Marg.Tiete/V.Prudente),FX,1,e,2,,,,
7515,9904007,Av.,Salim,Farah,Maluf,prox.,Av.,Vila,Ema,(Sent.,Marg.Tiete/V.Prudente),FX,3,4,e,5,,,
7526,9904012,Av.,Salim,F.,Maluf,oposto,R.,Florindo,Bras,(V.Prudente/Marg.Tiete),FX,1,2,e,3,,,,
7527,9904011,Av.,Salim,F.,Maluf,oposto,R.,Florindo,Bras,(V.Prudente/Marg.Tiete),FX,4,5,e,6,,,,
7528,9904010,Av.,Salim,F.,Maluf,prox.,R.,Florindo,Bras,(Sent.,Marg.Tiete/V.Prudente),FX,1,2,e,3,,,
7529,9904009,Av.,Salim,F.,Maluf,prox.,R.,Florindo,Bras,(Sent.,Marg.Tiete/V.Prudente),FX,4,5,e,6,,,
7552,9904087,Av.,Salim,Farah,Maluf,prox.,R.,Fausto,Cleva,(Sentido,Marg.Tiete/V.Prudente),,,,,,,,
7502,9904019,Av.,Santos,Dumont,oposto,R.,Rodolfo,Miranda,#NAME?,Centro/Bairro,#NAME?,1,,,,,,,
7503,9904020,Av.,Santos,Dumont,oposto,R.,Rodolfo,Miranda,#NAME?,Centro/Bairro,#NAME?,4,5,e,6,,,,
7504,9904021,Av.,Santos,Dumont,prox.,R.,Rodolfo,Miranda,#NAME?,Bairro/Centro,-,fx,1,2,e,3,,,
7505,9904022,Av.,Santos,Dumont,prox.,R.,Rodolfo,Miranda,#NAME?,Bairro/Centro,-,fx,4,5,e,6,,,
7506,9904029,Av.,Sao,Joao,apos,Av.,Duque,de,Caxias,(Sent.Centro/Bairro)-Faixa,Exclus,onibus,,,,,,,
7507,9904029,Av.,Sao,Joao,apos,Av.,Duque,de,Caxias,(Sentido,Centro/Bairro),,,,,,,,
7586,9904066,Av.,Sao,Miguel,prox.,A,Rua,Pau,D´Arco-Roxo,(,Sao,Paulo),Sentido,Centro/Bairro),,,,,
7587,9904066,Av.,Sao,Miguel,prox.,A,Rua,Pau,D´Arco-Roxo,(,Sao,Paulo),Sentido,Centro/Bairro),,,,,
7516,9904005,R.,Dr.,Assis,Ribeiro,oposto,R.,Serra,de,Itaqueri,(Sentido,Sao,Miguel/Penha),,,,,,
7517,9904006,R.,Dr.,Assis,Ribeiro,prox.,R.,Serra,de,Itaqueri,(Sentido,Penha/Sao,Miguel),,,,,,
7580,9904107,Rua,Melo,Freire,oposto,a,Rua,Tuiuti,(Bairro/Centro),,,,,,,,,,
3408,135*,Marginal,do,Rio,Tiete,pista,expressa,,,,,,,,,,,,
3430,135*,Marginal,do,Rio,Tiete,pista,expressa,,,,,,,,,,,,
3401,158,Avenida,dos,Bandeirantes,altura,da,Praca,Dr.,Francisco,Patti,(sentido,Marginal/Imigrantes)(Faixas,1,2,e,3),,,
3416,157,Avenida,dos,Bandeirantes,altura,da,Praca,Dr.,Francisco,Patti,(Marginal/Imigrantes),(Faixas,4,e,5),,,,
3403,106,Marginal,do,Rio,Pinheiros,pista,expressa,,,,,,,,,,,,
3434,106,Marginal,do,Rio,Pinheiros,pista,expressa,,,,,,,,,,,,
3400,164,Marginal,Tiete,pista,expressa,,,,,,,,,,,,,,
3429,164,Marginal,Tiete,pista,expressa,,,,,,,,,,,,,,
3404,159,Avenida,Afonso,D’Escragnole,Taunay,apos,o,Viaduto,Dante,Delmanto,(sentido,Marginal/Imigrantes),,,,,,,
3406,144,Marginal,do,Rio,Pinheiros,pista,expressa,,,,,,,,,,,,
3435,144,Marginal,do,Rio,Pinheiros,pista,expressa,,,,,,,,,,,,
3407,140,Marginal,do,Rio,Pinheiros,pista,expressa,,,,,,,,,,,,
3436,140,Marginal,do,Rio,Pinheiros,pista,expressa,,,,,,,,,,,,
3409,189,Avenida,das,Nacões,Unidas,em,frente,ao,n0,7.203,(sentido,Interlagos/Castelo,Branco),,,,,,
3410,192,Avenida,dos,Bandeirantes,-,Pista,local,proximo,a,R.,Lourenco,Marques,(sentido,Imigrantes/Marginal),,,,,
3411,188,Marginal,Pinheiros,-,Pista,expressa,-,altura,do,supermercado,Extra/Panamby,(sentido,Castelo,Branco/Interlagos),,,,,
3437,188,Marginal,Pinheiros,-,Pista,expressa,-,altura,do,supermercado,Extra/Panamby,(sentido,Castelo,Branco/Interlagos),,,,,
3415,194,Marginal,Tiete,-,Pista,expressa,-,antes,da,Ponte,da,Freguesia,do,o,(sentido,Castelo,Branco/Airton,Senna),
3431,194,Marginal,Tiete,-,Pista,expressa,-,antes,da,Ponte,da,Freguesia,do,o,(sentido,Castelo,Branco/Airton,Senna),
3417,215,Marginal,Tiete,pista,expressa,,,,,,,,,,,,,,
3432,215,Marginal,Tiete,pista,expressa,,,,,,,,,,,,,,
3418,90,Marginal,Pinheiros,antes,da,ponte,da,Cidade,Universitaria,(sentido,Castelo,Branco/Interlagos),-,faixas,1,2,3,e,4
3438,90,Marginal,Pinheiros,antes,da,ponte,da,Cidade,Universitaria,(sentido,Castelo,Branco/Interlagos),-,faixas,1,2,3,e,4
3419,198,Marginal,Pinheiros,antes,da,ponte,da,Cidade,Universitaria,(sentido,Castelo,Branco/Interlagos),-,faixas,5,6,e,7,
3439,198,Marginal,Pinheiros,antes,da,ponte,da,Cidade,Universitaria,(sentido,Castelo,Branco/Interlagos),-,faixas,5,6,e,7,
3421,161,Marginal,Tiete,-,Pista,expressa,Antes,da,Ponte,do,Piqueri,(Sent.,Ayrton,Senna,/,Castelo,Branco),,
3433,161,Marginal,Tiete,-,Pista,expressa,Antes,da,Ponte,do,Piqueri,(Sent.,Ayrton,Senna,/,Castelo,Branco),,
3422,175,Av.,dos,Bandeirantes,antes,da,Av.,Miruna,(Sentido,Imigrantes/Marg.Pinheiros),,,,,,,,,
3423,603,Av.,Otaviano,Alves,de,Lima,apos,R.,Leo,R.,de,Moraes,(sentido,A.Senna/C.Branco),,,,,
3424,271,Av.,Otaviano,Alves,de,Lima,apos,R.,Leo,R.,de,Moraes,(sentido,A.Senna/C.Branco),fx,4,e,5,
3425,601,Marginal,Tiete,pista,central,,,,,,,,,,,,,,
3426,279,Av.,Pres.,Castelo,Branco,apos,Ponte,da,Casa,Verde,(sentido,C.Branco/A.Senna),,,,,,,
3427,380,Av.,Pres.,Castelo,Branco,apos,Ponte,da,Casa,Verde,(sentido,C.Branco/A.Senna),fx,4,e,5,,,
3428,176,Marginal,Tiete,pista,central,,,,,,,,,,,,,,
3595,17,Av.,dos,Bandeirantes,x,Av.,Miruna,(Sentido,Imigrantes/Marg.Pinheiros),,,,,,,,,,
3596,16,Av.,dos,Bandeirantes,x,R.,Funchal,(Sentido,Imigrantes/Marg.Pinheiros),,,,,,,,,,
3597,27,Av.,das,Nacões,Unidas,x,R.,Guriu,(Sentido,Interlagos/Castelo,Branco),,,,,,,,
3594,29,Av.,dos,Bandeirantes,x,Al.,dos,Maracatins,(Sentido,Imigrantes/Marg.Pinh.),,,,,,,,,
3599,749,Av.,dos,Bandeirantes,sob,o,Viaduto,Santo,Amaro,(Sentido,Marg.Pinheiros/Imigrantes),,,,,,,,
3598,795,Al.,dos,Tupiniquins,x,Av.,dos,Bandeirantes,(Sentido,Imigrantes/Marg.Pinheiros),,,,,,,,,
1601,330,R.,Henrique,Schaumann,n0,517,-,Sentido,Perdizes/Ibirapuera,,,,,,,,,,
1602,343,Av.,Brig.,Faria,Lima,n0,2668,-,Sentido,Pinheiros/Itaim,,,,,,,,,
1603,342,R.,Estados,Unidos,n0,701,-,Sentido,Ibirapuera/Pinheiros,,,,,,,,,,
1604,344,Al.,Gabriel,Monteiro,da,Silva,n0,2453,-,Sentido,Bairro/Centro,,,,,,,,
1605,346,R.,Bela,Cintra,n0,1600,-,Sentido,Bairro/Centro,,,,,,,,,,
1606,337,Al,.Santos,n0,2511,-,Sentido,Consolacao/Paraiso,,,,,,,,,,,
1607,334,R.,dos,Pinheiros,n0,351,-,Sentido,Bairro/Centro,,,,,,,,,,
1608,341,R.,Cardeal,Arcoverde,n0,2657,-,Sentido,Centro/Bairro,,,,,,,,,,
1609,347,R.,Artur,de,Azevedo,n0,1920,-,Sentido,Centro/Bairro,,,,,,,,,
1610,339,Av.,Brasil,n0,126,-,Sentido,Ibirapuera/Pinheiros,,,,,,,,,,,
1611,345,R.,Estados,Unidos,n0,1454,-,Sentido,Ibirapuera/Pinheiros,,,,,,,,,,
1612,367,R.,Joaquim,Floriano,n0,72,-,Sentido,Jd.,Paulista/Itaim,,,,,,,,,
1613,366,Al.,Franca,n0,446,-,Sentido,Jd.,Paulista/Consolacao,,,,,,,,,,
1614,369,R.,Pamplona,n0,1461,-,Sentido,Bela,Vista,/Jd.,Paulista,,,,,,,,
1615,111,Av.,Pedroso,de,Morais,n0,657,-,Sentido,Pinheiros/Reboucas,,,,,,,,,
1616,368,Al.,Santos,n0,1317,(Sentido,Consolacao/Paraiso),,,,,,,,,,,,
1617,134,R.,Tutoia,n0,1157,(Sentido,V.,Mariana/Jd.,Paulista),,,,,,,,,,
1618,376,R.,Cubatao,n0,131,(Sentido,Jd.,Paulista/V.Mariana),,,,,,,,,,,
1619,381,R.,Teixeira,da,Silva,n0,204,(Sentido,Jd.Paulista/Bela,Vista),,,,,,,,,
1620,172,R.,Dr.,Rafael,de,Barros,n0,639,(Sentido,Centro/Bairro),,,,,,,,,
1621,382,Al.,Jau,n0,161,(Sentido,Paraiso/Consolacao),,,,,,,,,,,,
1622,173,R.,Afonso,de,Freitas,n0,303,(Sentido,Paraiso/Ibirapuera),,,,,,,,,,
1623,356,Av.,Brig.,Faria,Lima,n0,1188,(Sentido,Pinheiros/Reboucas),,,,,,,,,,
1624,364,R.,Tabapua,n0,830,(Sentido,Itaim/Jd.,Paulista),,,,,,,,,,,
1632,371,R.,Oscar,Freire,n0,676,(Sentido,Consolacao/Paraiso),,,,,,,,,,,
1625,354,R.,Augusta,n0,1806,(Sentido,Centro/Bairro),,,,,,,,,,,,
1626,354,R.,Augusta,n0,1771,(Sentido,Bairro/Centro),,,,,,,,,,,,
1627,331,R.,Teodoro,Sampaio,n0,2895,(Sentido,Bairro/Centro),,,,,,,,,,,
1628,332,Av.,Cidade,Jardim,n0,655,(Sentido,Bairro/Centro),,,,,,,,,,,
1629,370,Av.,Nove,de,Julho,n0,3117,(Sentido,Bairro/Centro),-,Faixa,Exclusiva,de,onibus,,,,,
1630,370,Av.,Nove,de,Julho,n0,3117,(Sentido,Bairro/Centro),,,,,,,,,,
1631,358,R.,Teodoro,Sampaio,n0,1316,(Sentido,Bairro/Centro),,,,,,,,,,,
1501,9903010,R.,Jose,Paulino,n0,400,(Sentido,Centro/Bairro),,,,,,,,,,,
1502,9903011,R.,Ribeiro,de,Lima,n0,486,(Sentido,Tiradentes/Bom,Retiro),,,,,,,,,
1503,9903020,R.,Paula,Sousa,n0,193,(Sentido,Sta.,Ifigenia/,Bras),,,,,,,,,
1504,9903023,R.,Pedroso,n0,258,(Sentido,Liberdade/Bela,Vista),,,,,,,,,,,
1505,9903024,R.,da,Gloria,n0,200,(Sentido,Centro/Bairro),,,,,,,,,,,
1506,9903026,R.,Treze,de,Maio,n0,1854,(Sentido,Centro/Bairro),,,,,,,,,,
1507,9903035,Al.,Barao,de,Limeira,n0,937,(Sentido,Bairro/Centro),,,,,,,,,,
1508,9903021,Al.,Joaquim,Eugenio,de,Lima,n0,279,(Sentido,Bela,Vista/Jd.,Paulista),,,,,,,
1509,9903025,R.,Galvao,Bueno,n0,31,(Sentido,Bairro/Centro),,,,,,,,,,,
1510,9903027,Av.,Brig.,Luis,Antonio,n0,1619,(Sentido,Bairro/Centro),,,,,,,,,,
1511,9903012,Av.,Duque,de,Caxias,n0,212,(Sentido,Republica/Sta.,Ifigenia),,,,,,,,,
1512,9903015,R.,Carlos,de,Sousa,Nazare,n0,180,(Sentido,Se/Bras),,,,,,,,,
1513,9903028,R.,Matias,Aires,n0,414,(Sentido,Bela,Vista/Consolacao),,,,,,,,,,
1514,9903031,R.,Cons.,Crispiniano,n0,387,(Sentido,Anhangabau/Lgo.Paicandu),,,,,,,,,,,
1515,9903032,R.,Frei,Caneca,n0,425,(Sentido,Bairro/Centro),,,,,,,,,,,
1516,9903033,R.,Brig.,Tobias,n0,541,(Sentido,Bairro/Centro),,,,,,,,,,,
1517,9903034,R.,Venceslau,Bras,n0,66,(Sentido,Pque.,D.,Pedro,I/Se),,,,,,,,
1520,9903017,R.,Sergipe,n0,446,(Sentido,Higienopolis/Consolacao),,,,,,,,,,,,
1522,9903029,R.,Dona,Veridiana,n0,322,(Sentido,Higienopolis/,Campos,Eliseos),,,,,,,,,
1523,9903018,Av.,Sen.,Queiros,n0,396,(Sentido,Bras/Sta.,Ifigenia),,,,,,,,,,
1518,9903014,R.,Sta,Ifigenia,n0,175,(Sentido,Bairro/Centro),,,,,,,,,,,
1519,9903016,Av.,Higienopolis,n0,195,(Sentido,Consolacao/Pacaembu),,,,,,,,,,,,
1521,9903022,R.,Haddock,Lobo,n0,403,C,(Sentido,Centro/Bairro),,,,,,,,,,
1524,9903030,Pca,da,Republica,n0,287,(Sentido,Sta.,Cecilia/Se),,,,,,,,,,
1525,9903001,Pca,Princesa,Isabel,oposto,ao,n0,68(Sent.Bairro/Centro),-,Faixa,Excl.,de,onibus,,,,,,
1526,9903002,Pca,Princesa,Isabel,oposto,ao,n0,68,(Sentido,Bairro/Centro),,,,,,,,,
1527,9903006,R.,da,Consolacao,n0,913,(Sentido,Bairro/Centro),-,Faixa,Excl.,de,onibus,,,,,,
1528,9903007,R.,da,Consolacao,n0,913,(Sentido,Bairro/Centro),,,,,,,,,,,
1529,9903009,Av.,Prestes,Maia,n0,913,A,(Sentido,Bairro/Centro),,,,,,,,,,
1530,9903008,Av.,Nove,de,Julho,n0,1270,(Sentido,Centro/Bairro),,,,,,,,,,
1531,9903003,Av.,Sao,Joao,n0,2.139,(Sentido,Bairro/Centro),-,Faixa,Excl.,de,onibus,,,,,,
1532,9903003,Av.,Sao,Joao,n0,2.139,(Sentido,Bairro/Centro),,,,,,,,,,,
1533,9903004,R.,da,Consolacao,n0,1.272,(Sentido,Centro/Bairro),-,Faixa,Excl.,de,onibus,,,,,,
1534,9903005,R.,da,Consolacao,n0,1.272,(Sentido,Centro/Bairro),,,,,,,,,,,
4200,2011404004,AV.,ALCÂNTARA,MACHADO,PRoXIMO,A,RUA,DR.,ALMEIDA,LIMA,,,,,,,,,
4201,2011404002,AV.,ALCÂNTARA,MACHADO,PRoXIMO,A,RUA,SIQUEIRA,BUENO,,,,,,,,,,
4203,4040006,AV.,ARICANDUVA,ALTURA,DO,N.,9.291,,,,,,,,,,,,
4202,404005,AV.,ARICANDUVA,PX,RUA,DR.,MARIANO,C.,DE,MOURA,,,,,,,,,
4210,500007,AV.,DOUTOR,RICARDO,JAFET,SOB,VIADUTO,SAIOa,,,,,,,,,,,
4209,500003,AV.,DOUTOR,RICARDO,JAFET,SOB,VIADUTO,SAIOa,,,,,,,,,,,
4206,500005,AV.,EMBAIXADOR,MACEDO,SOARES,SOB,PONTE,NOVA,FEPASA,,,,,,,,,,
4218,404003,AV.,NAcÕES,UNIDAS,(LOCAL),SOB,PONTE,CIDADE,UNIVERSITaRIA,SENTIDO,INTERLAG/C.BRANCO,,,,,,,,
4217,500008,AV.,NAcÕES,UNIDAS,SOB,PONTE,DO,SOCORRO,,,,,,,,,,,
4216,500001,AV.,NAcÕES,UNIDAS,SOB,PONTE,DO,SOCORRO,,,,,,,,,,,
4208,50010,AV.,SENADOR,TEOTONIO,VILELA,SOB,PASSARELA,DO,HIPER,EXTRA,,,,,,,,,
4207,500011,AV.,SENADOR,TEOTONIO,VILELA,SOB,PASSARELA,DO,HIPER,EXTRA,,,,,,,,,
4205,500006,AV.,VINTE,E,TReS,DE,MAIO,SOB,VIADUTO,PEDROSO,,,,,,,,,
4204,19,AV.,VINTE,E,TReS,DE,MAIO,SOB,VIADUTO,TUToIA,,,,,,,,,
4214,500004,AV.NAcÕES,UNIDAS,(LOCAL),SOB,PONTE,CIDADE,JARDIM,-,SENTIDO,INTERLAGOS/C.,BRANCO,,,,,,,
4211,2011436001,AV.PROFESSOR,NOe,DE,AZEVEDO,PRoXIMO,A,R.,DONA,JuLIA,,,,,,,,,
4215,500009,PRAcA,ALBERTO,RANGEL,SOB,PONTE,CIDADE,UNIVERSITaRIA,SENTIDO,C.,BRANCO/INTERLAGOS,,,,,,,,
4213,436004,R.,MAURiCIO,F.,KLABIN,PRoXIMO,R.,DR.,LOPES,DE,ALMEIDA,SENTIDO,V.,MARIANA/IPIRANGA,,,,,
4212,436002,RUA,VERGUEIRO,PROXIMO,A,RUA,TAMOIO,,,,,,,,,,,,
